{"cameraMode":{"drawMode":0,"name":"Shaded","section":"Shading Mode"},"sceneLighting":false,"audioPlay":false,"sceneViewState":{"showFog":false,"showMaterialUpdate":false,"showSkybox":false,"showFlares":false,"showImageEffects":false,"showParticleSystems":false},"in2DMode":false,"pivot":{"x":1.4023762941360474,"y":3.3944649696350099,"z":1.108747124671936},"rotation":{"x":0.22959275543689729,"y":-0.7614664435386658,"z":0.37853971123695376,"w":0.47438672184944155},"size":0.6928203701972961,"orthographic":false}