{"cameraMode":{"drawMode":0,"name":"Shaded","section":"Shading Mode"},"sceneLighting":false,"audioPlay":false,"sceneViewState":{"showFog":false,"showMaterialUpdate":false,"showSkybox":false,"showFlares":false,"showImageEffects":false,"showParticleSystems":false},"in2DMode":false,"pivot":{"x":-0.6353175044059753,"y":3.2396140098571779,"z":0.5638534426689148},"rotation":{"x":0.39221614599227908,"y":-0.5904098153114319,"z":0.4005870223045349,"w":0.5812345743179321},"size":0.7579790949821472,"orthographic":false}