{"cameraMode":{"drawMode":0,"name":"Shaded","section":"Shading Mode"},"sceneLighting":true,"audioPlay":false,"sceneViewState":{"showFog":false,"showMaterialUpdate":false,"showSkybox":false,"showFlares":false,"showImageEffects":false,"showParticleSystems":false},"in2DMode":false,"pivot":{"x":2.979097604751587,"y":10.684471130371094,"z":1.0435360670089722},"rotation":{"x":0.4261322617530823,"y":-0.5610167384147644,"z":0.48208341002464297,"w":0.5220304131507874},"size":1.4694652557373047,"orthographic":false}