{"cameraMode":{"drawMode":0,"name":"Shaded","section":"Shading Mode"},"sceneLighting":false,"audioPlay":false,"sceneViewState":{"showFog":false,"showMaterialUpdate":false,"showSkybox":false,"showFlares":false,"showImageEffects":false,"showParticleSystems":false},"in2DMode":false,"pivot":{"x":1.8299999237060547,"y":0.6200000047683716,"z":7.619999885559082},"rotation":{"x":0.14473481476306916,"y":0.3943139910697937,"z":-0.0628238171339035,"w":0.9056621193885803},"size":1.2247447967529297,"orthographic":false}