{"cameraMode":{"drawMode":0,"name":"Shaded","section":"Shading Mode"},"sceneLighting":false,"audioPlay":false,"sceneViewState":{"showFog":false,"showMaterialUpdate":false,"showSkybox":false,"showFlares":false,"showImageEffects":false,"showParticleSystems":false},"in2DMode":false,"pivot":{"x":4.789999961853027,"y":0.13499999046325684,"z":1.1290497779846192},"rotation":{"x":0.31102240085601809,"y":-0.6530590057373047,"z":0.34266602993011477,"w":0.6001542210578919},"size":1.7024699449539185,"orthographic":false}