{"cameraMode":{"drawMode":0,"name":"Shaded","section":"Shading Mode"},"sceneLighting":false,"audioPlay":false,"sceneViewState":{"showFog":true,"showMaterialUpdate":true,"showSkybox":false,"showFlares":true,"showImageEffects":true,"showParticleSystems":true},"in2DMode":false,"pivot":{"x":-1.63105309009552,"y":32.91875076293945,"z":-45.64979553222656},"rotation":{"x":0.25579115748405459,"y":-0.2572856843471527,"z":0.07177388668060303,"w":0.929451584815979},"size":1.299038052558899,"orthographic":false}