{"cameraMode":{"drawMode":0,"name":"Shaded","section":"Shading Mode"},"sceneLighting":false,"audioPlay":false,"sceneViewState":{"showFog":false,"showMaterialUpdate":false,"showSkybox":false,"showFlares":false,"showImageEffects":false,"showParticleSystems":false},"in2DMode":false,"pivot":{"x":-6.249999523162842,"y":0.8000025749206543,"z":0.0},"rotation":{"x":-0.44861742854118349,"y":0.019316203892230989,"z":-0.009691672399640084,"w":-0.8935168981552124},"size":13.334526062011719,"orthographic":false}