{"cameraMode":{"drawMode":0,"name":"Shaded","section":"Shading Mode"},"sceneLighting":false,"audioPlay":false,"sceneViewState":{"showFog":false,"showMaterialUpdate":false,"showSkybox":false,"showFlares":false,"showImageEffects":false,"showParticleSystems":false},"in2DMode":false,"pivot":{"x":-17.748809814453126,"y":3.4922573566436769,"z":27.015226364135743},"rotation":{"x":-0.4987048804759979,"y":-0.1638585776090622,"z":0.09663458168506623,"w":-0.8456964492797852},"size":8.124038696289063,"orthographic":false}