{"cameraMode":{"drawMode":0,"name":"Shaded","section":"Shading Mode"},"sceneLighting":false,"audioPlay":false,"sceneViewState":{"showFog":true,"showMaterialUpdate":true,"showSkybox":false,"showFlares":true,"showImageEffects":true,"showParticleSystems":true},"in2DMode":false,"pivot":{"x":-0.2904417812824249,"y":0.5125535726547241,"z":-0.32395070791244509},"rotation":{"x":0.16487742960453034,"y":-0.5481293797492981,"z":0.11058459430932999,"w":0.812774658203125},"size":0.5917369723320007,"orthographic":false}