{"cameraMode":{"drawMode":0,"name":"Shaded","section":"Shading Mode"},"sceneLighting":false,"audioPlay":false,"sceneViewState":{"showFog":false,"showMaterialUpdate":false,"showSkybox":false,"showFlares":false,"showImageEffects":false,"showParticleSystems":false},"in2DMode":false,"pivot":{"x":6.539999961853027,"y":3.117000102996826,"z":10.979999542236329},"rotation":{"x":-0.13560374081134797,"y":0.7201329469680786,"z":-0.14695066213607789,"w":-0.6644321084022522},"size":2.063467025756836,"orthographic":false}