{"cameraMode":{"drawMode":0,"name":"Shaded","section":"Shading Mode"},"sceneLighting":true,"audioPlay":false,"sceneViewState":{"showFog":true,"showMaterialUpdate":true,"showSkybox":true,"showFlares":true,"showImageEffects":true,"showParticleSystems":true},"in2DMode":false,"pivot":{"x":-16.7138614654541,"y":-25.345285415649415,"z":9.559793472290039},"rotation":{"x":-0.19702857732772828,"y":0.8010493516921997,"z":-0.3730098605155945,"w":-0.4255802631378174},"size":21.814626693725587,"orthographic":false}