{"cameraMode":{"drawMode":0,"name":"Shaded","section":"Shading Mode"},"sceneLighting":false,"audioPlay":false,"sceneViewState":{"showFog":false,"showMaterialUpdate":false,"showSkybox":false,"showFlares":false,"showImageEffects":false,"showParticleSystems":false},"in2DMode":false,"pivot":{"x":-20.157642364501954,"y":10.853307723999024,"z":-14.532065391540528},"rotation":{"x":-0.3970010578632355,"y":0.2820521295070648,"z":-0.12962651252746583,"w":-0.8637892007827759},"size":13.334526062011719,"orthographic":false}