{"cameraMode":{"drawMode":0,"name":"Shaded","section":"Shading Mode"},"sceneLighting":false,"audioPlay":false,"sceneViewState":{"showFog":false,"showMaterialUpdate":false,"showSkybox":false,"showFlares":false,"showImageEffects":false,"showParticleSystems":false},"in2DMode":false,"pivot":{"x":-30.14142608642578,"y":2.496039390563965,"z":76.82656860351563},"rotation":{"x":0.1490449756383896,"y":-0.8479408621788025,"z":0.3303994834423065,"w":0.38746848702430727},"size":3.275256395339966,"orthographic":false}