{"cameraMode":{"drawMode":0,"name":"Shaded","section":"Shading Mode"},"sceneLighting":true,"audioPlay":false,"sceneViewState":{"showFog":false,"showMaterialUpdate":false,"showSkybox":false,"showFlares":false,"showImageEffects":false,"showParticleSystems":false},"in2DMode":false,"pivot":{"x":58.227394104003909,"y":52.16046905517578,"z":105.65276336669922},"rotation":{"x":0.20222537219524384,"y":-0.7662883996963501,"z":0.2923290729522705,"w":0.5356922745704651},"size":3.275256395339966,"orthographic":false}