{"cameraMode":{"drawMode":0,"name":"Shaded","section":"Shading Mode"},"sceneLighting":false,"audioPlay":false,"sceneViewState":{"showFog":false,"showMaterialUpdate":false,"showSkybox":false,"showFlares":false,"showImageEffects":false,"showParticleSystems":false},"in2DMode":false,"pivot":{"x":2.00923228263855,"y":2.2741546630859377,"z":-1.1556227207183838},"rotation":{"x":-0.11336798965930939,"y":0.488292396068573,"z":-0.06643319875001908,"w":-0.8631662130355835},"size":2.6468660831451418,"orthographic":false}