{"cameraMode":{"drawMode":0,"name":"Shaded","section":"Shading Mode"},"sceneLighting":false,"audioPlay":false,"sceneViewState":{"showFog":false,"showMaterialUpdate":false,"showSkybox":false,"showFlares":false,"showImageEffects":false,"showParticleSystems":false},"in2DMode":false,"pivot":{"x":29.349998474121095,"y":5.769999980926514,"z":-7.840000152587891},"rotation":{"x":-0.11140523105859757,"y":0.8091530203819275,"z":-0.16726242005825044,"w":-0.5531884431838989},"size":7.086421489715576,"orthographic":false}