{"cameraMode":{"drawMode":0,"name":"Shaded","section":"Shading Mode"},"sceneLighting":false,"audioPlay":false,"sceneViewState":{"showFog":false,"showMaterialUpdate":false,"showSkybox":false,"showFlares":false,"showImageEffects":false,"showParticleSystems":false},"in2DMode":false,"pivot":{"x":8.660968780517579,"y":2.104334831237793,"z":-2.2659568786621095},"rotation":{"x":0.14992694556713105,"y":0.7786051034927368,"z":-0.20325760543346406,"w":0.5745968222618103},"size":3.121209144592285,"orthographic":false}