{"cameraMode":{"drawMode":0,"name":"Shaded","section":"Shading Mode"},"sceneLighting":true,"audioPlay":false,"sceneViewState":{"showFog":false,"showMaterialUpdate":false,"showSkybox":false,"showFlares":false,"showImageEffects":false,"showParticleSystems":false},"in2DMode":false,"pivot":{"x":-0.8927730321884155,"y":1.6505324840545655,"z":0.12312342971563339},"rotation":{"x":-0.3249431848526001,"y":-0.6288785934448242,"z":0.3180059492588043,"w":-0.6318169236183167},"size":1.0926729440689088,"orthographic":false}