{"cameraMode":{"drawMode":0,"name":"Shaded","section":"Shading Mode"},"sceneLighting":false,"audioPlay":false,"sceneViewState":{"showFog":false,"showMaterialUpdate":false,"showSkybox":false,"showFlares":false,"showImageEffects":false,"showParticleSystems":false},"in2DMode":false,"pivot":{"x":2.053593635559082,"y":-1.2736142873764039,"z":-1.4370477199554444},"rotation":{"x":-0.2460719794034958,"y":-0.32244449853897097,"z":0.0862477570772171,"w":-0.9103065133094788},"size":0.952221155166626,"orthographic":false}