{"cameraMode":{"drawMode":0,"name":"Shaded","section":"Shading Mode"},"sceneLighting":true,"audioPlay":false,"sceneViewState":{"showFog":false,"showMaterialUpdate":false,"showSkybox":false,"showFlares":false,"showImageEffects":false,"showParticleSystems":false},"in2DMode":false,"pivot":{"x":0.2763221561908722,"y":3.0438265800476076,"z":-3.489774227142334},"rotation":{"x":0.32340162992477419,"y":0.02249625138938427,"z":-0.005175820551812649,"w":0.9467024803161621},"size":0.06062180921435356,"orthographic":false}