{"cameraMode":{"drawMode":0,"name":"Shaded","section":"Shading Mode"},"sceneLighting":true,"audioPlay":false,"sceneViewState":{"showFog":false,"showMaterialUpdate":false,"showSkybox":false,"showFlares":false,"showImageEffects":false,"showParticleSystems":false},"in2DMode":false,"pivot":{"x":-4.575492858886719,"y":2.2338902950286867,"z":-2.3432376384735109},"rotation":{"x":0.16976897418498994,"y":0.7411579489707947,"z":-0.20426617562770844,"w":0.6166730523109436},"size":3.121209144592285,"orthographic":false}