{"cameraMode":{"drawMode":0,"name":"Shaded","section":"Shading Mode"},"sceneLighting":false,"audioPlay":false,"sceneViewState":{"showFog":false,"showMaterialUpdate":false,"showSkybox":false,"showFlares":false,"showImageEffects":false,"showParticleSystems":false},"in2DMode":false,"pivot":{"x":0.8736750483512878,"y":2.788667678833008,"z":0.6291481852531433},"rotation":{"x":-0.09883204102516175,"y":0.6778355240821838,"z":-0.09537345170974732,"w":-0.7227938771247864},"size":2.6468660831451418,"orthographic":false}