{"cameraMode":{"drawMode":0,"name":"Shaded","section":"Shading Mode"},"sceneLighting":false,"audioPlay":false,"sceneViewState":{"showFog":false,"showMaterialUpdate":false,"showSkybox":false,"showFlares":false,"showImageEffects":false,"showParticleSystems":false},"in2DMode":false,"pivot":{"x":32.04125213623047,"y":5.939999580383301,"z":10.62255859375},"rotation":{"x":-0.11140523105859757,"y":0.8091530203819275,"z":-0.16726242005825044,"w":-0.5531884431838989},"size":8.111275672912598,"orthographic":false}