{"cameraMode":{"drawMode":0,"name":"Shaded","section":"Shading Mode"},"sceneLighting":true,"audioPlay":false,"sceneViewState":{"showFog":false,"showMaterialUpdate":false,"showSkybox":false,"showFlares":false,"showImageEffects":false,"showParticleSystems":false},"in2DMode":false,"pivot":{"x":-9.541169166564942,"y":5.887547969818115,"z":0.6142470240592957},"rotation":{"x":-0.07217831164598465,"y":-0.8944053053855896,"z":0.15608377754688264,"w":-0.41306301951408389},"size":3.275256395339966,"orthographic":false}