{"cameraMode":{"drawMode":0,"name":"Shaded","section":"Shading Mode"},"sceneLighting":false,"audioPlay":false,"sceneViewState":{"showFog":false,"showMaterialUpdate":false,"showSkybox":false,"showFlares":false,"showImageEffects":false,"showParticleSystems":false},"in2DMode":false,"pivot":{"x":-1.0579999685287476,"y":-0.2532083988189697,"z":-1.1548399925231934e-7},"rotation":{"x":0.2561050057411194,"y":-0.5997973084449768,"z":0.21047435700893403,"w":0.7285619378089905},"size":0.17238518595695496,"orthographic":false}