{"cameraMode":{"drawMode":0,"name":"Shaded","section":"Shading Mode"},"sceneLighting":true,"audioPlay":false,"sceneViewState":{"showFog":false,"showMaterialUpdate":false,"showSkybox":false,"showFlares":false,"showImageEffects":false,"showParticleSystems":false},"in2DMode":false,"pivot":{"x":13.435091018676758,"y":27.372583389282228,"z":-57.23593521118164},"rotation":{"x":-0.16114552319049836,"y":0.15009596943855287,"z":-0.027786860242486,"w":-0.9757411479949951},"size":0.8660253286361694,"orthographic":false}