{"cameraMode":{"drawMode":0,"name":"Shaded","section":"Shading Mode"},"sceneLighting":false,"audioPlay":false,"sceneViewState":{"showFog":false,"showMaterialUpdate":false,"showSkybox":false,"showFlares":false,"showImageEffects":false,"showParticleSystems":false},"in2DMode":false,"pivot":{"x":32.0467529296875,"y":8.239999771118164,"z":10.622947692871094},"rotation":{"x":-0.11140523105859757,"y":0.8091530203819275,"z":-0.16726242005825044,"w":-0.5531884431838989},"size":8.692859649658204,"orthographic":false}