{"cameraMode":{"drawMode":0,"name":"Shaded","section":"Shading Mode"},"sceneLighting":false,"audioPlay":false,"sceneViewState":{"showFog":false,"showMaterialUpdate":false,"showSkybox":false,"showFlares":false,"showImageEffects":false,"showParticleSystems":false},"in2DMode":false,"pivot":{"x":2.178485631942749,"y":-0.3934161961078644,"z":-1.2077809572219849},"rotation":{"x":-0.01991083286702633,"y":-0.32238614559173586,"z":0.005802204366773367,"w":-0.9467076659202576},"size":0.952221155166626,"orthographic":false}