{"cameraMode":{"drawMode":0,"name":"Shaded","section":"Shading Mode"},"sceneLighting":false,"audioPlay":false,"sceneViewState":{"showFog":false,"showMaterialUpdate":false,"showSkybox":false,"showFlares":false,"showImageEffects":false,"showParticleSystems":false},"in2DMode":false,"pivot":{"x":0.0,"y":0.8149999976158142,"z":1.1460000276565552},"rotation":{"x":-0.6981785893440247,"y":-0.14719097316265107,"z":0.15070480108261109,"w":-0.6845995187759399},"size":0.060621775686740878,"orthographic":false}