{"cameraMode":{"drawMode":0,"name":"Shaded","section":"Shading Mode"},"sceneLighting":false,"audioPlay":false,"sceneViewState":{"showFog":false,"showMaterialUpdate":false,"showSkybox":false,"showFlares":false,"showImageEffects":false,"showParticleSystems":false},"in2DMode":false,"pivot":{"x":25.029874801635743,"y":6.143486976623535,"z":8.696623802185059},"rotation":{"x":-0.036280274391174319,"y":0.9608692526817322,"z":-0.21702837944030763,"w":-0.17160002887248994},"size":8.692859649658204,"orthographic":false}